i_0001_101_607536.jpg,1
i_0001_111_310908.jpg,1
i_0001_111_355014.jpg,1
i_0001_111_365813.png,1
i_0001_111_370861.png,1
i_0001_112_143385.jpg,1
i_0001_112_407249.png,1
i_0001_112_607778.jpg,1
i_0001_113_154398.jpg,1
i_0001_113_349568.jpg,1
i_0001_113_371150.jpg,1
i_0001_113_601504.jpg,1
i_0001_115_269697.jpg,1
i_0001_115_347658.jpg,1
i_0001_115_371151.jpg,1
i_0001_116_154400.jpg,1
i_0001_116_156831.jpg,1
i_0001_116_333863.jpg,1
i_0001_116_37112.jpg,1
i_0001_116_372181.jpg,1
i_0001_117_183153.png,1
i_0001_117_302249.png,1
i_0001_117_316348.png,1
i_0001_117_355015.jpg,1
i_0001_118_129983.jpg,1
i_0001_118_277240.jpg,1
i_0001_118_306689.jpg,1
i_0001_118_42707.jpg,1
i_0001_118_44281.jpg,1
i_0001_119_143386.jpg,1
i_0001_119_272527.jpg,1
i_0001_119_272882.jpg,1
i_0001_119_273629.jpg,1
i_0001_119_281336.jpg,1
i_0001_119_625573.jpg,1
i_0001_120_145077.jpg,1
i_0001_120_272883.jpg,1
i_0001_120_306298.jpg,1
i_0001_120_436747.png,1
i_0001_17112_300737.jpg,1
i_0001_17112_377591.jpg,1
i_0001_17112_380184.jpg,1
i_0001_17112_398964.jpg,1
i_0001_17112_411719.jpg,1
i_0001_17113_143383.jpg,1
i_0001_17113_145074.jpg,1
i_0001_17113_272524.jpg,1
i_0001_17113_272880.jpg,1
i_0001_17113_273626.jpg,1
i_0001_17113_280865.jpg,1
i_0001_17113_625571.jpg,1
i_0001_17114_288814.jpg,1
i_0001_17115_145075.jpg,1
i_0001_17116_145076.jpg,1
i_0001_17116_272525.jpg,1
i_0001_17116_273627.jpg,1
i_0001_17116_281333.jpg,1
i_0001_17117_197678.jpg,1
i_0001_17117_272526.jpg,1
i_0001_17117_293994.jpg,1
i_0001_17117_301394.png,1
i_0001_17117_357361.jpg,1
i_0001_17118_358956.png,1
i_0001_17118_407600.png,1
i_0001_17118_411720.jpg,1
i_0001_17118_414894.jpg,1
i_0001_17119_154397.jpg,1
i_0001_17119_281334.jpg,1
i_0001_17119_308427.jpg,1
i_0001_17119_311177.jpg,1
i_0001_17119_329357.jpg,1
i_0001_17120_282706.jpg,1
i_0001_17120_365962.png,1
i_0001_17120_405520.jpg,1
i_0001_17124_272881.jpg,1
i_0001_17124_280867.jpg,1
i_0001_17124_625572.jpg,1
i_0002_2870_152809.jpg,2
i_0002_2870_157461.jpg,2
i_0002_2870_167575.jpg,2
i_0002_2870_299237.jpg,2
i_0002_2870_366441.png,2
i_0002_2870_543996.jpg,2
i_0002_2871_294444.png,2
i_0002_2871_413288.png,2
i_0002_2872_170783.jpg,2
i_0002_2872_307653.jpg,2
i_0002_2872_384851.png,2
i_0002_2873_202137.png,2
i_0002_2873_323418.jpg,2
i_0002_2873_356237.jpg,2
i_0002_2873_362696.jpg,2
i_0002_2873_407274.png,2
i_0002_2874_198032.png,2
i_0002_2874_355036.jpg,2
i_0002_2875_297548.jpg,2
i_0002_2875_347118.jpg,2
i_0002_2875_377405.jpg,2
i_0002_2876_129996.jpg,2
i_0002_2876_145079.jpg,2
i_0002_2876_152811.jpg,2
i_0002_2876_154401.jpg,2
i_0002_2876_159581.jpg,2
i_0002_2877_260732.jpg,2
i_0002_2877_282231.jpg,2
i_0002_2877_29779.jpg,2
i_0002_2877_315928.png,2
i_0002_2878_234452.jpg,2
i_0002_2878_299907.png,2
i_0002_2878_413194.jpg,2
i_0002_2878_41723.png,2
i_0002_2878_602233.png,2
i_0002_2879_145080.jpg,2
i_0002_2879_154402.jpg,2
i_0002_2879_314801.jpg,2
i_0002_2879_43169.jpg,2
i_0002_2880_120179.jpg,2
i_0002_2880_353725.png,2
i_0002_2880_355286.jpg,2
i_0002_2880_378654.jpg,2
i_0002_2881_125439.jpg,2
i_0002_2881_356238.jpg,2
i_0002_2881_372223.jpg,2
i_0002_2881_387660.png,2
i_0002_2881_411107.jpg,2
i_0002_2881_607800.jpg,2
i_0002_2882_151299.jpg,2
i_0002_2882_371304.jpg,2
i_0002_2882_37268.jpg,2
i_0002_2882_416360.jpg,2
i_0002_2882_44718.jpg,2
i_0002_2883_177853.jpg,2
i_0002_2884_150014.jpg,2
i_0002_2884_334127.png,2
i_0002_2884_347623.png,2
i_0002_2884_377796.jpg,2
i_0002_2884_415107.jpg,2
i_0002_2884_453711.jpg,2
i_0002_2884_458384.jpg,2
i_0002_2885_166766.jpg,2
i_0002_2885_354782.png,2
i_0002_2885_390003.jpg,2
i_0002_2886_167410.png,2
i_0002_2886_414060.png,2
i_0002_2887_167411.png,2
i_0002_2887_304110.jpg,2
i_0002_2888_236223.png,2
i_0002_2888_378655.jpg,2
i_0002_2889_302170.png,2
i_0002_2889_409069.jpg,2
i_0002_2889_411108.jpg,2
i_0002_2890_141719.jpg,2
i_0002_2890_297250.jpg,2
i_0002_2890_351274.png,2
i_0002_2891_355287.jpg,2
i_0002_2891_365545.jpg,2
i_0002_2891_377013.jpg,2
i_0002_2892_302033.jpg,2
i_0002_2892_377797.jpg,2
i_0002_2892_405097.jpg,2
i_0002_2893_204708.png,2
i_0002_2893_237944.jpg,2
i_0002_2893_40974.jpg,2
i_0002_2893_416361.jpg,2
i_0002_2894_355896.png,2
i_0002_2895_149284.jpg,2
i_0002_2895_359118.png,2
i_0002_2895_396043.png,2
i_0002_2895_436812.png,2
i_0002_2896_404016.png,2
i_0002_2897_378656.jpg,2
i_0002_2897_402551.jpg,2
i_0002_2897_405098.jpg,2
i_0002_2898_182542.jpg,2
i_0002_2898_302541.jpg,2
i_0002_2899_157462.jpg,2
i_0002_2899_292323.jpg,2
i_0002_2899_354512.jpg,2
i_0002_2900_166678.png,2
i_0002_2900_386405.jpg,2
i_0002_2900_396044.png,2
i_0002_2901_355288.jpg,2
i_0002_2901_371305.jpg,2
i_0002_2901_386406.jpg,2
i_0002_2902_150016.jpg,2
i_0002_2902_261242.jpg,2
i_0002_2902_377799.jpg,2
i_0002_2903_390333.jpg,2
i_0002_2903_406279.jpg,2
i_0002_2903_406459.png,2
i_0002_2904_298200.png,2
i_0002_2904_315835.jpg,2
i_0002_2904_604151.png,2
i_0002_2905_292651.jpg,2
i_0002_2905_305329.png,2
i_0002_2905_322029.jpg,2
i_0002_2905_332814.png,2
i_0002_2906_288680.jpg,2
i_0002_2906_370889.png,2
i_0002_2907_33704.jpg,2
i_0002_2907_365546.jpg,2
i_0002_2907_414535.png,2
i_0002_2907_43170.jpg,2
i_0002_2908_143387.jpg,2
i_0002_2908_159583.jpg,2
i_0002_2908_162530.jpg,2
i_0002_2908_37270.jpg,2
i_0002_2908_543997.jpg,2
i_0002_2909_157463.jpg,2
i_0002_2909_305330.png,2
i_0002_2909_347119.jpg,2
i_0002_2909_390793.jpg,2
i_0002_2909_411109.jpg,2
i_0002_2910_167412.png,2
i_0002_2910_291119.jpg,2
i_0002_2910_356740.jpg,2
i_0002_2910_37271.jpg,2
i_0002_2911_233541.jpg,2
i_0002_2911_304111.jpg,2
i_0002_2911_371306.jpg,2
i_0002_2911_451197.jpg,2
i_0002_2911_601579.jpg,2
i_0002_2912_141444.jpg,2
i_0002_2912_303909.jpg,2
i_0002_2912_305834.jpg,2
i_0002_2912_348028.jpg,2
i_0002_2912_376142.jpg,2
i_0002_2913_143389.jpg,2
i_0002_2913_151300.jpg,2
i_0002_2913_157464.jpg,2
i_0002_2913_159584.jpg,2
i_0002_2914_134555.jpg,2
i_0002_2914_353962.png,2
i_0002_2914_37272.jpg,2
i_0002_2914_405099.jpg,2
i_0002_2915_348668.jpg,2
i_0002_2915_377800.jpg,2
i_0002_2915_601580.jpg,2
i_0002_2917_143390.jpg,2
i_0002_2917_150017.jpg,2
i_0002_2917_230345.png,2
i_0002_2917_304471.jpg,2
i_0002_2917_37273.jpg,2
i_0002_2918_292386.jpg,2
i_0002_2918_317900.jpg,2
i_0002_2918_368039.jpg,2
i_0002_2918_37274.jpg,2
i_0002_2919_299908.png,2
i_0002_2919_38436.jpg,2
i_0002_2919_416362.jpg,2
i_0003_23875_145082.jpg,3
i_0003_23875_154404.jpg,3
i_0003_23875_157465.jpg,3
i_0003_23875_309974.jpg,3
i_0003_23875_649901.jpg,3
i_0003_23876_320900.jpg,3
i_0003_23876_359082.jpg,3
i_0003_23876_385248.png,3
i_0003_23876_413267.jpg,3
i_0003_23877_143392.jpg,3
i_0003_23877_145083.jpg,3
i_0003_23877_151301.jpg,3
i_0003_23877_152814.jpg,3
i_0003_23877_157466.jpg,3
i_0003_23877_159585.jpg,3
i_0003_23877_649903.jpg,3
i_0003_23878_143393.jpg,3
i_0003_23878_152815.jpg,3
i_0003_23878_154405.jpg,3
i_0003_23878_157467.jpg,3
i_0003_23878_281599.png,3
i_0003_23878_634414.jpg,3
i_0003_23879_324459.jpg,3
i_0003_23879_410953.png,3
i_0003_23880_293694.jpg,3
i_0003_23880_350940.jpg,3
i_0003_23880_609627.jpg,3
i_0003_23881_154406.jpg,3
i_0003_23881_381395.jpg,3
i_0003_23881_385249.png,3
i_0003_23881_403455.jpg,3
i_0003_23881_407625.png,3
i_0003_23882_303520.jpg,3
i_0003_23882_304548.jpg,3
i_0003_23882_348260.jpg,3
i_0003_23882_413568.jpg,3
i_0003_23882_415258.jpg,3
i_0003_23883_635304.jpg,3
i_0003_23884_325578.jpg,3
i_0003_23884_414372.png,3
i_0003_23885_150018.jpg,3
i_0003_23885_238422.jpg,3
i_0003_23885_383366.jpg,3
i_0003_23886_159586.jpg,3
i_0003_23886_609328.jpg,3
i_0003_23886_634415.jpg,3
i_0003_23886_635305.jpg,3
i_0003_23887_284615.jpg,3
i_0003_23887_290739.jpg,3
i_0003_23887_298279.png,3
i_0003_23887_602368.png,3
i_0003_23888_159587.jpg,3
i_0003_23888_167564.png,3
i_0003_23888_204619.png,3
i_0003_23888_348590.jpg,3
i_0003_23888_599480.png,3
i_0003_23889_375531.jpg,3
i_0003_23889_406430.jpg,3
i_0003_23889_415259.jpg,3
i_0003_23890_182701.jpg,3
i_0003_23890_313550.jpg,3
i_0003_23890_325579.jpg,3
i_0003_23890_372071.jpg,3
i_0003_23890_378409.jpg,3
i_0003_23891_372719.jpg,3
i_0003_23891_380281.jpg,3
i_0003_23891_396280.png,3
i_0003_23891_608948.png,3
i_0003_23892_150019.jpg,3
i_0003_23892_151303.jpg,3
i_0003_23892_384686.png,3
i_0003_23892_405610.jpg,3
i_0003_23892_634416.jpg,3
i_0003_23893_143394.jpg,3
i_0003_23893_150020.jpg,3
i_0003_23893_151304.jpg,3
i_0003_23893_152816.jpg,3
i_0003_23893_154407.jpg,3
i_0003_23893_159588.jpg,3
i_0003_23893_458112.jpg,3
i_0003_23893_634417.jpg,3
i_0003_23893_650291.jpg,3
i_0004_23894_154408.jpg,4
i_0004_23894_230963.png,4
i_0004_23894_316210.png,4
i_0004_23894_348591.jpg,4
i_0004_23894_378410.jpg,4
i_0004_23895_140520.jpg,4
i_0004_23895_143395.jpg,4
i_0004_23895_150021.jpg,4
i_0004_23895_151305.jpg,4
i_0004_23895_152817.jpg,4
i_0004_23895_157469.jpg,4
i_0004_23895_460036.jpg,4
i_0004_23895_650230.jpg,4
i_0004_23896_152818.jpg,4
i_0004_23896_302740.jpg,4
i_0004_23896_602369.png,4
i_0004_23896_635306.jpg,4
i_0004_23897_143396.jpg,4
i_0004_23897_150022.jpg,4
i_0004_23897_152819.jpg,4
i_0004_23897_154409.jpg,4
i_0004_23897_157470.jpg,4
i_0004_23897_159590.jpg,4
i_0004_23897_460037.jpg,4
i_0004_23897_650231.jpg,4
i_0004_23898_152820.jpg,4
i_0004_23898_167565.png,4
i_0004_23898_375532.jpg,4
i_0004_23899_143397.jpg,4
i_0004_23899_145087.jpg,4
i_0004_23899_150023.jpg,4
i_0004_23899_151307.jpg,4
i_0004_23899_154410.jpg,4
i_0004_23899_157471.jpg,4
i_0004_23899_159592.jpg,4
i_0004_23899_460038.jpg,4
i_0004_23899_650232.jpg,4
i_0004_23899_650367.jpg,4
i_0004_23900_230426.png,4
i_0004_23900_380282.jpg,4
i_0004_23900_601444.jpg,4
i_0004_23901_284406.jpg,4
i_0004_23901_365994.png,4
i_0004_23901_411876.jpg,4
i_0004_23902_143398.jpg,4
i_0004_23902_157472.jpg,4
i_0004_23902_161571.jpg,4
i_0004_23902_167934.png,4
i_0004_23902_228439.jpg,4
i_0004_23902_460039.jpg,4
i_0004_23902_650233.jpg,4
i_0004_23903_304649.png,4
i_0004_23903_380283.jpg,4
i_0004_23903_387149.jpg,4
i_0004_23904_145088.jpg,4
i_0004_23904_281600.png,4
i_0004_23904_373619.jpg,4
i_0004_23904_374050.jpg,4
i_0004_23904_376600.jpg,4
i_0004_23904_387150.jpg,4
i_0004_23905_151308.jpg,4
i_0004_23905_367766.png,4
i_0004_23905_607289.png,4
i_0004_23905_647895.jpg,4
i_0004_23906_289092.png,4
i_0004_23906_314683.png,4
i_0004_23906_360562.jpg,4
i_0004_23906_635307.jpg,4
i_0004_23907_322358.jpg,4
i_0004_23907_349268.jpg,4
i_0004_23907_402705.jpg,4
i_0004_23908_358535.jpg,4
i_0004_23908_387151.jpg,4
i_0004_23908_406053.jpg,4
i_0004_23909_305287.jpg,4
i_0004_23909_402443.jpg,4
i_0004_23909_647896.jpg,4
i_0004_23910_407219.jpg,4
i_0004_23910_633826.jpg,4
i_0004_23910_647897.jpg,4
i_0004_23911_297540.jpg,4
i_0004_23911_390714.jpg,4
i_0005_3012_143399.jpg,5
i_0005_3012_151309.jpg,5
i_0005_3012_233936.jpg,5
i_0005_3012_27121.jpg,5
i_0005_3012_297459.jpg,5
i_0005_3012_416366.jpg,5
i_0005_3012_635308.jpg,5
i_0005_3013_304771.png,5
i_0005_3013_305331.png,5
i_0005_3013_320345.jpg,5
i_0005_3013_609406.jpg,5
i_0005_3013_647898.jpg,5
i_0005_3014_126092.jpg,5
i_0005_3014_413669.jpg,5
i_0005_3014_49224.png,5
i_0005_3015_121594.jpg,5
i_0005_3015_281604.jpg,5
i_0005_3015_360411.jpg,5
i_0005_3016_327440.jpg,5
i_0005_3016_364017.png,5
i_0005_3016_37279.jpg,5
i_0005_3016_377805.jpg,5
i_0005_3016_402553.jpg,5
i_0005_3017_198033.png,5
i_0005_3017_362697.jpg,5
i_0005_3017_369638.png,5
i_0005_3018_145089.jpg,5
i_0005_3018_154412.jpg,5
i_0005_3018_159593.jpg,5
i_0005_3018_281337.jpg,5
i_0005_3018_440415.jpg,5
i_0005_3019_143401.jpg,5
i_0005_3019_148233.jpg,5
i_0005_3019_151310.jpg,5
i_0005_3019_154413.jpg,5
i_0005_3019_281338.jpg,5
i_0005_3019_42041.jpg,5
i_0005_3020_157473.jpg,5
i_0005_3020_281339.jpg,5
i_0005_3020_309650.jpg,5
i_0005_3020_371308.jpg,5
i_0005_3020_378658.jpg,5
i_0005_3020_649415.jpg,5
i_0005_3021_234356.jpg,5
i_0005_3021_371309.jpg,5
i_0005_3021_384854.png,5
i_0005_3021_608020.jpg,5
i_0005_3021_647899.jpg,5
i_0005_3022_151311.jpg,5
i_0005_3022_152823.jpg,5
i_0005_3022_157474.jpg,5
i_0005_3022_371310.jpg,5
i_0005_3022_649416.jpg,5
i_0005_3023_126093.jpg,5
i_0005_3023_137006.png,5
i_0005_3023_163955.jpg,5
i_0005_3023_405103.jpg,5
i_0005_3023_635309.jpg,5
i_0005_3024_409077.jpg,5
i_0005_3024_411111.jpg,5
i_0005_3024_606901.png,5
i_0005_3025_147409.png,5
i_0005_3025_404017.png,5
i_0005_3025_43456.jpg,5
i_0005_3026_151312.jpg,5
i_0005_3026_154414.jpg,5
i_0005_3026_157475.jpg,5
i_0005_3026_159595.jpg,5
i_0005_3026_440418.jpg,5
i_0005_3026_647900.jpg,5
i_0005_3027_174176.jpg,5
i_0005_3027_286483.png,5
i_0005_3027_311040.jpg,5
i_0005_3028_301265.png,5
i_0005_3028_314802.jpg,5
i_0005_3028_378659.jpg,5
i_0005_3028_633827.jpg,5
i_0005_3029_404692.jpg,5
i_0005_3029_601062.jpg,5
i_0005_3029_607103.png,5
i_0005_3030_145092.jpg,5
i_0005_3030_152824.jpg,5
i_0005_3030_157476.jpg,5
i_0005_3030_159596.jpg,5
i_0005_3030_332478.png,5
i_0005_3031_154415.jpg,5
i_0005_3031_314609.png,5
i_0005_3031_31884.jpg,5
i_0005_3031_37280.jpg,5
i_0005_3031_381016.jpg,5
i_0005_3032_293530.jpg,5
i_0005_3032_297359.jpg,5
i_0005_3032_349907.jpg,5
i_0005_3033_301266.png,5
i_0005_3033_369391.png,5
i_0005_3033_411112.jpg,5
i_0005_3033_647901.jpg,5
i_0005_3034_291269.jpg,5
i_0005_3034_390795.jpg,5
i_0005_3035_260733.jpg,5
i_0005_3035_269259.jpg,5
i_0005_3035_326962.jpg,5
i_0005_3035_368041.jpg,5
i_0005_3035_377015.jpg,5
i_0005_3036_129003.png,5
i_0005_3036_181108.jpg,5
i_0005_3036_205070.png,5
i_0005_3036_230802.png,5
i_0005_3036_287356.png,5
i_0005_3036_633828.jpg,5
i_0005_3037_133318.jpg,5
i_0005_3037_137598.png,5
i_0005_3037_291121.jpg,5
i_0005_3037_359530.jpg,5
i_0005_3037_385400.jpg,5
i_0005_3038_130197.jpg,5
i_0005_3038_164737.png,5
i_0005_3038_290158.jpg,5
i_0005_3038_302543.jpg,5
i_0005_3038_31885.jpg,5
i_0005_3038_44311.jpg,5
i_0005_3039_261691.png,5
i_0005_3039_282263.jpg,5
i_0005_3039_323328.png,5
i_0005_3039_351214.png,5
i_0005_3039_372225.jpg,5
i_0006_2920_159597.jpg,6
i_0006_2920_377801.jpg,6
i_0006_2920_633829.jpg,6
i_0006_2921_601059.jpg,6
i_0006_2921_609401.jpg,6
i_0006_2922_287105.jpg,6
i_0006_2922_313198.jpg,6
i_0006_2922_313782.jpg,6
i_0006_2922_327128.jpg,6
i_0006_2922_363460.jpg,6
i_0006_2922_377014.jpg,6
i_0006_2923_145093.jpg,6
i_0006_2923_151314.jpg,6
i_0006_2923_152825.jpg,6
i_0006_2923_157477.jpg,6
i_0006_2923_159598.jpg,6
i_0006_2923_440419.jpg,6
i_0006_2923_635311.jpg,6
i_0006_2924_152826.jpg,6
i_0006_2924_329295.jpg,6
i_0006_2924_391077.jpg,6
i_0006_2924_405100.jpg,6
i_0006_2925_145094.jpg,6
i_0006_2925_152827.jpg,6
i_0006_2925_157478.jpg,6
i_0006_2925_159599.jpg,6
i_0006_2926_604152.png,6
i_0006_2927_145095.jpg,6
i_0006_2927_154417.jpg,6
i_0006_2927_231995.jpg,6
i_0006_2927_332475.png,6
i_0006_2928_298009.jpg,6
i_0006_2928_371307.jpg,6
i_0006_2928_381014.jpg,6
i_0006_2928_390794.jpg,6
i_0006_2929_131706.png,6
i_0006_2929_303653.jpg,6
i_0006_2929_308395.jpg,6
i_0006_2929_373722.jpg,6
i_0006_2929_404691.jpg,6
i_0006_2930_230800.png,6
i_0006_2930_293857.jpg,6
i_0006_2930_326602.png,6
i_0006_2930_332476.png,6
i_0006_2931_126660.jpg,6
i_0006_2931_134556.jpg,6
i_0006_2931_405101.jpg,6
i_0006_2931_605865.png,6
i_0006_2931_609002.jpg,6
i_0006_2932_398703.png,6
i_0006_2932_404454.png,6
i_0006_2933_357783.jpg,6
i_0006_2934_145096.jpg,6
i_0006_2934_151315.jpg,6
i_0006_2934_154418.jpg,6
i_0006_2934_157479.jpg,6
i_0006_2934_440421.jpg,6
i_0006_2934_635167.jpg,6
i_0006_2934_648753.jpg,6
i_0006_2935_26610.png,6
i_0006_2935_31880.jpg,6
i_0006_2935_327383.jpg,6
i_0006_2935_353726.png,6
i_0006_2936_318368.png,6
i_0006_2936_346180.jpg,6
i_0006_2936_383754.png,6
i_0006_2936_409070.jpg,6
i_0006_2937_127035.png,6
i_0006_2937_360822.jpg,6
i_0006_2937_405102.jpg,6
i_0006_2937_601581.jpg,6
i_0006_2938_143406.jpg,6
i_0006_2938_157480.jpg,6
i_0006_2938_159600.jpg,6
i_0006_2938_31881.jpg,6
i_0006_2938_440422.jpg,6
i_0006_2938_633830.jpg,6
i_0006_2938_648754.jpg,6
i_0006_2939_135417.jpg,6
i_0006_2939_154419.jpg,6
i_0006_2939_29558.jpg,6
i_0006_2939_33705.jpg,6
i_0007_24787_261766.png,7
i_0007_24787_291104.png,7
i_0007_24787_308537.png,7
i_0007_24787_346960.png,7
i_0007_24787_359691.jpg,7
i_0007_24787_375057.jpg,7
i_0007_24864_608963.png,7
i_0007_24865_346616.png,7
i_0007_24865_364348.png,7
i_0007_24865_379717.jpg,7
i_0007_24865_402465.jpg,7
i_0007_24865_404188.png,7
i_0007_24865_459693.jpg,7
i_0007_24865_460040.jpg,7
i_0007_24865_543998.jpg,7
i_0007_24866_353072.jpg,7
i_0007_24866_608964.png,7
i_0007_24867_326016.jpg,7
i_0007_24867_355454.jpg,7
i_0007_24867_372113.jpg,7
i_0007_24867_379718.jpg,7
i_0007_24867_384153.png,7
i_0007_24868_366006.png,7
i_0007_24868_379471.jpg,7
i_0007_24868_404493.png,7
i_0007_24868_607302.png,7
i_0007_24869_373639.jpg,7
i_0007_24869_374063.jpg,7
i_0007_24869_378449.jpg,7
i_0007_24869_379472.jpg,7
i_0007_24869_460041.jpg,7
i_0007_24869_543999.jpg,7
i_0007_24870_327170.jpg,7
i_0007_24870_384696.png,7
i_0007_24871_366608.png,7
i_0007_24871_601466.jpg,7
i_0007_24872_407435.png,7
i_0007_24872_460042.jpg,7
i_0007_24872_544000.jpg,7
i_0007_24873_383370.jpg,7
i_0007_24873_405651.jpg,7
i_0007_24874_329377.jpg,7
i_0007_24874_405652.jpg,7
i_0007_24874_411904.jpg,7
i_0007_24875_353936.png,7
i_0007_24875_360574.jpg,7
i_0007_24875_381418.jpg,7
i_0007_24875_407636.png,7
i_0007_24875_459694.jpg,7
i_0007_24876_459695.jpg,7
i_0007_24877_355857.jpg,7
i_0007_24877_357550.png,7
i_0007_24877_362654.png,7
i_0007_24877_402466.jpg,7
i_0007_24877_402720.jpg,7
i_0007_24878_387191.jpg,7
i_0007_24878_411906.jpg,7
i_0007_24878_607957.jpg,7
i_0007_24879_357551.png,7
i_0007_24879_372115.jpg,7
i_0007_24879_380306.jpg,7
i_0007_24879_607719.jpg,7
i_0007_24880_372116.jpg,7
i_0007_24880_406436.jpg,7
i_0007_24880_460043.jpg,7
i_0007_24880_636033.jpg,7
i_0007_24881_369542.png,7
i_0007_24881_384154.png,7
i_0007_24881_407637.png,7
i_0007_24881_608350.jpg,7
i_0007_24882_327171.jpg,7
i_0007_24882_387192.jpg,7
i_0007_24882_543718.jpg,7
i_0007_24882_544001.jpg,7
i_0008_18637_182685.jpg,8
i_0008_18637_308730.png,8
i_0008_18637_317269.png,8
i_0008_18637_387074.jpg,8
i_0008_18637_401246.jpg,8
i_0008_18637_441857.jpg,8
i_0008_18637_442734.jpg,8
i_0008_18637_455743.jpg,8
i_0008_18637_457414.jpg,8
i_0008_18638_356192.jpg,8
i_0008_18638_387075.jpg,8
i_0008_18638_604302.png,8
i_0008_18639_131785.png,8
i_0008_18639_148521.jpg,8
i_0008_18639_203951.jpg,8
i_0008_18640_119329.jpg,8
i_0008_18640_289650.jpg,8
i_0008_18640_608921.png,8
i_0008_18641_298269.png,8
i_0008_18641_358969.png,8
i_0008_18641_390681.jpg,8
i_0008_18641_402692.jpg,8
i_0008_18642_405573.jpg,8
i_0008_18642_414348.png,8
i_0008_18643_167551.png,8
i_0008_18643_167607.jpg,8
i_0008_18643_411977.jpg,8
i_0008_18644_139189.png,8
i_0008_18644_317109.jpg,8
i_0008_18644_385211.png,8
i_0008_18645_132329.jpg,8
i_0008_18645_376550.jpg,8
i_0008_18646_287290.jpg,8
i_0008_18646_308530.png,8
i_0008_18646_367716.png,8
i_0008_18646_411978.jpg,8
i_0008_18646_442735.jpg,8
i_0008_18646_455744.jpg,8
i_0008_18646_457415.jpg,8
i_0008_18646_460044.jpg,8
i_0008_18647_238545.jpg,8
i_0008_18647_287532.jpg,8
i_0008_18647_354723.png,8
i_0008_18647_359865.jpg,8
i_0008_18647_369520.png,8
i_0008_18647_441858.jpg,8
i_0008_18647_460045.jpg,8
i_0008_18648_413360.jpg,8
i_0008_18649_238078.jpg,8
i_0008_18650_327039.jpg,8
i_0008_18650_401248.jpg,8
i_0008_18650_406738.png,8
i_0008_18650_457416.jpg,8
i_0008_18650_599464.png,8
i_0008_18651_301406.png,8
i_0008_18651_349161.png,8
i_0008_18651_406042.jpg,8
i_0008_18651_411980.jpg,8
i_0008_18652_290833.jpg,8
i_0008_18652_323398.png,8
i_0008_18652_356367.jpg,8
i_0008_18652_389492.jpg,8
i_0008_18652_401249.jpg,8
i_0008_18652_441859.jpg,8
i_0008_18652_442736.jpg,8
i_0008_18652_455745.jpg,8
i_0008_18652_460046.jpg,8
i_0008_18653_289455.jpg,8
i_0008_18653_350924.jpg,8
i_0008_18653_359666.jpg,8
i_0008_18653_408945.png,8
i_0008_18653_411804.jpg,8
i_0008_18654_313985.jpg,8
i_0008_18654_380234.jpg,8
i_0008_18654_390933.jpg,8
i_0008_18654_603433.jpg,8
i_0008_18655_138301.jpg,8
i_0008_18655_149252.jpg,8
i_0008_18655_321607.jpg,8
i_0008_18655_375517.jpg,8
i_0008_18655_384106.png,8
i_0008_18655_401250.jpg,8
i_0008_18655_441860.jpg,8
i_0008_18655_442737.jpg,8
i_0008_18655_455746.jpg,8
i_0008_18655_457417.jpg,8
i_0008_18656_335176.jpg,8
i_0008_18657_314876.jpg,8
i_0008_18657_319415.png,8
i_0008_18657_413255.jpg,8
i_0008_18657_414591.png,8
i_0009_23858_143407.jpg,9
i_0009_23858_151317.jpg,9
i_0009_23858_152829.jpg,9
i_0009_23858_154420.jpg,9
i_0009_23858_157481.jpg,9
i_0009_23858_159601.jpg,9
i_0009_23858_634418.jpg,9
i_0009_23859_139211.png,9
i_0009_23859_143408.jpg,9
i_0009_23859_145098.jpg,9
i_0009_23859_152830.jpg,9
i_0009_23859_157482.jpg,9
i_0009_23860_145099.jpg,9
i_0009_23860_151318.jpg,9
i_0009_23860_152831.jpg,9
i_0009_23860_157483.jpg,9
i_0009_23860_159603.jpg,9
i_0009_24791_354553.jpg,9
i_0009_24791_367782.png,9
i_0009_24791_602379.png,9
i_0009_24793_345956.jpg,9
i_0009_24793_608958.png,9
i_0009_24793_634420.jpg,9
i_0009_24794_606107.png,9
i_0009_24795_404184.png,9
i_0009_24795_414384.png,9
i_0009_24795_608959.png,9
i_0009_24796_348598.jpg,9
i_0009_24796_404185.png,9
i_0009_24797_325619.png,9
i_0009_24797_353068.jpg,9
i_0009_24797_404186.png,9
i_0009_24797_607953.jpg,9
i_0009_24798_370524.png,9
i_0009_24798_379469.jpg,9
i_0009_24798_390946.jpg,9
i_0009_24799_402718.jpg,9
i_0009_24799_407230.jpg,9
i_0009_24799_602153.jpg,9
i_0009_24799_608960.png,9
i_0009_24799_609635.jpg,9
i_0009_24800_390250.jpg,9
i_0009_24800_405645.jpg,9
i_0009_24801_356100.png,9
i_0009_24802_634421.jpg,9
i_0009_24804_323410.png,9
i_0009_24804_329376.jpg,9
i_0009_24804_346264.jpg,9
i_0009_24804_349622.jpg,9
i_0009_24804_356201.jpg,9
i_0009_24804_364772.jpg,9
i_0009_24805_365344.png,9
i_0009_24805_407231.jpg,9
i_0009_24805_607954.jpg,9
i_0009_24807_353069.jpg,9
i_0009_24807_372111.jpg,9
i_0010_23861_143409.jpg,10
i_0010_23861_145100.jpg,10
i_0010_23861_151319.jpg,10
i_0010_23861_152832.jpg,10
i_0010_23861_154423.jpg,10
i_0010_23861_157484.jpg,10
i_0010_23861_159604.jpg,10
i_0010_23861_650294.jpg,10
i_0010_23862_145101.jpg,10
i_0010_23862_152833.jpg,10
i_0010_23862_169238.jpg,10
i_0010_23862_300075.jpg,10
i_0010_23862_357512.jpg,10
i_0010_23862_406429.jpg,10
i_0010_23863_150024.jpg,10
i_0010_23863_154424.jpg,10
i_0010_23863_169142.jpg,10
i_0010_23864_317115.jpg,10
i_0010_23864_411875.jpg,10
i_0010_23864_608946.png,10
i_0010_23865_138490.jpg,10
i_0010_23865_303029.jpg,10
i_0010_23865_329230.png,10
i_0010_23865_414964.jpg,10
i_0010_23866_154425.jpg,10
i_0010_23866_176921.jpg,10
i_0010_23866_260426.png,10
i_0010_23867_290843.jpg,10
i_0010_23867_364334.png,10
i_0010_23867_635312.jpg,10
i_0010_23868_143410.jpg,10
i_0010_23868_145102.jpg,10
i_0010_23868_151320.jpg,10
i_0010_23868_152834.jpg,10
i_0010_23868_157485.jpg,10
i_0010_23868_635313.jpg,10
i_0010_23868_650295.jpg,10
i_0010_23869_151321.jpg,10
i_0010_23869_157486.jpg,10
i_0010_23869_177171.jpg,10
i_0010_23869_182700.jpg,10
i_0010_23869_301226.jpg,10
i_0010_23870_179513.jpg,10
i_0010_23871_145103.jpg,10
i_0010_23871_151322.jpg,10
i_0010_23871_154426.jpg,10
i_0010_23871_157487.jpg,10
i_0010_23871_159606.jpg,10
i_0010_23871_650297.jpg,10
i_0010_23872_169628.jpg,10
i_0010_23872_356382.jpg,10
i_0010_23872_360677.jpg,10
i_0010_23873_183247.png,10
i_0010_23873_292808.jpg,10
i_0010_23873_364335.png,10
i_0010_23874_143412.jpg,10
i_0010_23874_150025.jpg,10
i_0010_23874_300694.jpg,10
i_0011_24778_236401.png,11
i_0011_24778_305867.jpg,11
i_0011_24778_322069.jpg,11
i_0011_24778_459697.jpg,11
i_0011_24778_460048.jpg,11
i_0011_24778_544002.jpg,11
i_0011_24778_636034.jpg,11
i_0011_24808_349893.png,11
i_0011_24808_372600.jpg,11
i_0011_24808_384695.png,11
i_0011_24808_460049.jpg,11
i_0011_24808_602612.jpg,11
i_0011_24808_636035.jpg,11
i_0011_24809_327428.jpg,11
i_0011_24809_388346.png,11
i_0011_24809_408032.jpg,11
i_0011_24809_413367.jpg,11
i_0011_24810_327317.jpg,11
i_0011_24810_414979.jpg,11
i_0011_24811_353070.jpg,11
i_0011_24811_414385.png,11
i_0011_24813_370830.jpg,11
i_0011_24813_602154.jpg,11
i_0011_24813_603487.jpg,11
i_0011_24814_358546.jpg,11
i_0011_24814_373637.jpg,11
i_0011_24814_374061.jpg,11
i_0011_24814_459698.jpg,11
i_0011_24815_359087.jpg,11
i_0011_24815_375058.jpg,11
i_0011_24815_405646.jpg,11
i_0011_24816_368205.jpg,11
i_0011_24816_411902.jpg,11
i_0011_24816_607060.png,11
i_0011_24817_363382.jpg,11
i_0011_24817_368206.jpg,11
i_0011_24817_608349.jpg,11
i_0011_24817_609636.jpg,11
i_0011_24817_647902.jpg,11
i_0011_24818_360573.jpg,11
i_0011_24818_459699.jpg,11
i_0011_24818_607955.jpg,11
i_0011_24819_357546.jpg,11
i_0011_24819_360242.jpg,11
i_0011_24819_402955.png,11
i_0011_24820_375059.jpg,11
i_0011_24820_402719.jpg,11
i_0011_24821_324191.jpg,11
i_0011_24821_358988.png,11
i_0011_24821_460050.jpg,11
i_0011_24821_544003.jpg,11
i_0011_24821_604322.png,11
i_0011_24821_647903.jpg,11
i_0011_24822_331269.jpg,11
i_0011_24822_459700.jpg,11
i_0011_24822_647904.jpg,11
i_0011_24823_647905.jpg,11
i_0011_24824_376631.jpg,11
i_0011_24825_373638.jpg,11
i_0011_24825_374062.jpg,11
i_0011_24826_367783.png,11
i_0011_24826_460051.jpg,11
i_0011_24826_544005.jpg,11
i_0011_24826_601462.jpg,11
i_0011_24826_636037.jpg,11
i_0012_24779_163941.jpg,12
i_0012_24779_182706.jpg,12
i_0012_24779_347976.jpg,12
i_0012_24779_375056.jpg,12
i_0012_24779_375693.jpg,12
i_0012_24779_459701.jpg,12
i_0012_24779_636038.jpg,12
i_0012_24827_359694.jpg,12
i_0012_24827_375061.jpg,12
i_0012_24827_378448.jpg,12
i_0012_24827_406939.jpg,12
i_0012_24827_460052.jpg,12
i_0012_24827_543719.jpg,12
i_0012_24827_544006.jpg,12
i_0012_24828_411903.jpg,12
i_0012_24829_460053.jpg,12
i_0012_24829_602380.png,12
i_0012_24829_647906.jpg,12
i_0012_24830_405648.jpg,12
i_0012_24830_459702.jpg,12
i_0012_24832_410963.png,12
i_0012_24832_414981.jpg,12
i_0012_24832_601463.jpg,12
i_0012_24832_602155.jpg,12
i_0012_24832_607061.png,12
i_0012_24833_390726.jpg,12
i_0012_24833_404544.jpg,12
i_0012_24833_544007.jpg,12
i_0012_24833_647907.jpg,12
i_0012_24834_348271.jpg,12
i_0012_24834_544008.jpg,12
i_0012_24835_360243.jpg,12
i_0012_24835_367784.png,12
i_0012_24835_404767.jpg,12
i_0012_24835_603488.jpg,12
i_0012_24836_357547.jpg,12
i_0012_24836_365346.png,12
i_0012_24837_603489.jpg,12
i_0012_24837_636040.jpg,12
i_0012_24838_327429.jpg,12
i_0012_24838_359889.jpg,12
i_0012_24838_383655.jpg,12
i_0012_24838_413908.jpg,12
i_0012_24838_415270.jpg,12
i_0012_24838_609354.png,12
i_0012_24839_357548.png,12
i_0012_24839_636041.jpg,12
i_0012_24840_381417.jpg,12
i_0012_24840_406940.jpg,12
i_0012_24840_607956.jpg,12
i_0012_24841_355452.jpg,12
i_0012_24841_367785.png,12
i_0012_24841_459703.jpg,12
i_0012_25298_544009.jpg,12
i_0012_25298_608985.png,12
i_0012_25299_347205.jpg,12
i_0012_25299_411946.jpg,12
i_0013_23941_141217.jpg,13
i_0013_23941_143413.jpg,13
i_0013_23941_145104.jpg,13
i_0013_23941_152836.jpg,13
i_0013_23941_154427.jpg,13
i_0013_23941_157488.jpg,13
i_0013_23941_159608.jpg,13
i_0013_24842_405649.jpg,13
i_0013_24842_414386.png,13
i_0013_24846_365795.jpg,13
i_0013_24846_390727.jpg,13
i_0013_24846_399096.jpg,13
i_0013_24846_405650.jpg,13
i_0013_24847_321229.jpg,13
i_0013_24847_379470.jpg,13
i_0013_24848_387189.jpg,13
i_0013_24849_332598.png,13
i_0013_24850_390728.jpg,13
i_0013_24850_440212.jpg,13
i_0013_24852_320969.jpg,13
i_0013_24852_348272.jpg,13
i_0013_24852_414387.png,13
i_0013_24853_355453.jpg,13
i_0013_24853_384152.png,13
i_0013_24853_604323.png,13
i_0013_24854_372112.jpg,13
i_0013_24854_384319.jpg,13
i_0013_24854_414508.jpg,13
i_0013_24855_348273.jpg,13
i_0013_24855_383656.jpg,13
i_0013_24855_634422.jpg,13
i_0013_24856_372470.jpg,13
i_0013_24856_406435.jpg,13
i_0013_24856_607300.png,13
i_0013_24856_634423.jpg,13
i_0013_24857_348274.jpg,13
i_0013_24857_366005.png,13
i_0013_24857_413423.png,13
i_0013_24857_602159.jpg,13
i_0013_24858_354502.jpg,13
i_0013_24858_359284.png,13
i_0013_24858_602160.jpg,13
i_0013_24858_634424.jpg,13
i_0013_24859_372601.jpg,13
i_0013_24860_383369.jpg,13
i_0013_24860_634425.jpg,13
i_0013_24862_323462.jpg,13
i_0013_24862_353071.jpg,13
i_0013_24862_609335.jpg,13
i_0013_24863_396290.png,13
i_0013_24863_405706.png,13
i_0013_24863_405875.jpg,13
i_0013_24863_608962.png,13
i_0014_121_131903.png,14
i_0014_121_134534.jpg,14
i_0014_121_281341.jpg,14
i_0014_122_134535.jpg,14
i_0014_122_143416.jpg,14
i_0014_122_204774.png,14
i_0014_122_357756.jpg,14
i_0014_122_404992.jpg,14
i_0014_123_119546.jpg,14
i_0014_123_142364.jpg,14
i_0014_123_145106.jpg,14
i_0014_123_272528.jpg,14
i_0014_123_272884.jpg,14
i_0014_123_281342.jpg,14
i_0014_123_625575.jpg,14
i_0014_123_633831.jpg,14
i_0014_124_308538.jpg,14
i_0014_124_403998.png,14
i_0014_125_145107.jpg,14
i_0014_125_177838.jpg,14
i_0014_125_272529.jpg,14
i_0014_125_273631.jpg,14
i_0014_125_280871.jpg,14
i_0014_125_281343.jpg,14
i_0014_125_401251.jpg,14
i_0014_125_625576.jpg,14
i_0014_126_143417.jpg,14
i_0014_126_145108.jpg,14
i_0014_126_272530.jpg,14
i_0014_126_333864.jpg,14
i_0014_126_360386.jpg,14
i_0014_127_154429.jpg,14
i_0014_127_229873.png,14
i_0014_127_328184.jpg,14
i_0014_127_377688.jpg,14
i_0014_127_397404.jpg,14
i_0014_128_316319.jpg,14
i_0014_128_364374.png,14
i_0014_128_383373.jpg,14
i_0014_128_451188.jpg,14
i_0014_129_143418.jpg,14
i_0014_129_291937.jpg,14
i_0014_129_292315.jpg,14
i_0014_129_293018.jpg,14
i_0014_129_602204.png,14
i_0014_130_272886.jpg,14
i_0014_130_363974.png,14
i_0014_130_370549.jpg,14
i_0014_130_42209.jpg,14
i_0014_130_440425.jpg,14
i_0014_130_625577.jpg,14
i_0014_132_181077.jpg,14
i_0014_132_326953.jpg,14
i_0014_132_378517.jpg,14
i_0014_132_414616.jpg,14
i_0014_133_321633.jpg,14
i_0014_133_388253.png,14
i_0014_133_404993.jpg,14
i_0014_134_396004.png,14
i_0014_134_599301.png,14
i_0014_135_303134.jpg,14
i_0014_135_436748.png,14
i_0014_136_289825.jpg,14
i_0014_136_312873.jpg,14
i_0014_136_354757.png,14
i_0014_136_377366.jpg,14
i_0014_137_356607.png,14
i_0014_137_360005.jpg,14
i_0014_138_141693.jpg,14
i_0014_138_237271.jpg,14
i_0014_138_346869.png,14
i_0014_138_377367.jpg,14
i_0014_139_264421.jpg,14
i_0014_139_312874.jpg,14
i_0014_139_358796.png,14
i_0014_140_154431.jpg,14
i_0014_140_302643.jpg,14
i_0014_140_404994.jpg,14
i_0015_2940_150026.jpg,15
i_0015_2940_151323.jpg,15
i_0015_2940_152838.jpg,15
i_0015_2940_292138.png,15
i_0015_2940_44310.jpg,15
i_0015_2941_345913.jpg,15
i_0015_2941_402144.jpg,15
i_0015_2941_608017.jpg,15
i_0015_2942_143419.jpg,15
i_0015_2942_145109.jpg,15
i_0015_2942_151324.jpg,15
i_0015_2942_152839.jpg,15
i_0015_2942_154432.jpg,15
i_0015_2942_157490.jpg,15
i_0015_2942_159610.jpg,15
i_0015_2942_440426.jpg,15
i_0015_2942_635314.jpg,15
i_0015_2944_140167.jpg,15
i_0015_2944_152840.jpg,15
i_0015_2944_288351.jpg,15
i_0015_2944_291964.jpg,15
i_0015_2944_293528.jpg,15
i_0015_2945_411110.jpg,15
i_0015_2946_126661.jpg,15
i_0015_2946_151325.jpg,15
i_0015_2946_164839.jpg,15
i_0015_2946_289575.jpg,15
i_0015_2946_633833.jpg,15
i_0015_2947_166679.png,15
i_0015_2947_182543.jpg,15
i_0015_2947_383755.png,15
i_0015_2948_126091.jpg,15
i_0015_2948_134366.jpg,15
i_0015_2948_394005.png,15
i_0015_2949_410809.png,15
i_0015_2951_609256.jpg,15
i_0015_2952_609403.jpg,15
i_0015_2952_649912.jpg,15
i_0015_2953_145112.jpg,15
i_0015_2953_151326.jpg,15
i_0015_2953_152841.jpg,15
i_0015_2953_154435.jpg,15
i_0015_2953_157493.jpg,15
i_0015_2953_159613.jpg,15
i_0015_2953_440427.jpg,15
i_0015_2954_169949.jpg,15
i_0015_2955_288179.jpg,15
i_0015_2955_31882.jpg,15
i_0015_2955_355037.jpg,15
i_0015_2957_308163.jpg,15
i_0015_2957_373723.jpg,15
i_0015_2957_379824.jpg,15
i_0015_2957_406281.jpg,15
i_0015_2957_599264.jpg,15
i_0015_2957_633834.jpg,15
i_0015_2958_297392.jpg,15
i_0015_2958_377802.jpg,15
i_0015_2958_409071.jpg,15
i_0016_2960_143423.jpg,16
i_0016_2960_145113.jpg,16
i_0016_2960_150027.jpg,16
i_0016_2960_151327.jpg,16
i_0016_2960_159614.jpg,16
i_0016_2960_440428.jpg,16
i_0016_2960_649419.jpg,16
i_0016_2961_150028.jpg,16
i_0016_2961_151328.jpg,16
i_0016_2961_152843.jpg,16
i_0016_2961_320888.jpg,16
i_0016_2961_440429.jpg,16
i_0016_2962_402145.jpg,16
i_0016_2963_292652.jpg,16
i_0016_2963_398704.png,16
i_0016_2963_607102.png,16
i_0016_2964_157495.jpg,16
i_0016_2964_159615.jpg,16
i_0016_2964_314220.jpg,16
i_0016_2964_649420.jpg,16
i_0016_2965_142275.jpg,16
i_0016_2965_287106.jpg,16
i_0016_2965_315929.png,16
i_0016_2965_406767.jpg,16
i_0016_2966_351276.png,16
i_0016_2966_406282.jpg,16
i_0016_2967_150029.jpg,16
i_0016_2967_304472.jpg,16
i_0016_2967_310264.jpg,16
i_0016_2967_353727.png,16
i_0016_2967_409072.jpg,16
i_0016_2967_410511.jpg,16
i_0016_2969_282311.jpg,16
i_0016_2969_377803.jpg,16
i_0016_2969_607565.jpg,16
i_0016_2969_609404.jpg,16
i_0016_2970_157379.jpg,16
i_0016_2970_226929.jpg,16
i_0016_2970_316132.png,16
i_0016_2970_328225.jpg,16
i_0016_2971_154436.jpg,16
i_0016_2971_402552.jpg,16
i_0016_2971_604153.png,16
i_0016_2972_234355.jpg,16
i_0016_2972_353728.png,16
i_0016_2972_356741.jpg,16
i_0016_2972_43171.jpg,16
i_0016_2973_365547.jpg,16
i_0016_2973_409073.jpg,16
i_0016_2974_302034.jpg,16
i_0016_2974_314608.png,16
i_0016_2974_366659.jpg,16
i_0016_2975_129997.jpg,16
i_0016_2975_145115.jpg,16
i_0016_2975_151329.jpg,16
i_0016_2975_157496.jpg,16
i_0016_2975_312421.png,16
i_0016_2975_649421.jpg,16
i_0016_2976_154437.jpg,16
i_0016_2976_157497.jpg,16
i_0016_2976_159616.jpg,16
i_0016_2976_286156.png,16
i_0016_2976_440430.jpg,16
i_0016_2976_649422.jpg,16
i_0016_2977_289405.jpg,16
i_0016_2977_312621.png,16
i_0016_2977_332477.png,16
i_0016_2977_37276.jpg,16
i_0016_2977_416364.jpg,16
i_0016_2978_150030.jpg,16
i_0016_2978_152844.jpg,16
i_0016_2978_303153.jpg,16
i_0016_2978_360361.jpg,16
i_0016_2979_298964.jpg,16
i_0016_2979_299909.png,16
i_0016_2979_356742.jpg,16
i_0016_2979_374653.jpg,16
i_0016_2979_379548.jpg,16
i_0016_2980_302945.jpg,16
i_0016_2980_313572.jpg,16
i_0016_2980_608018.jpg,16
i_0016_2981_386407.jpg,16
i_0016_2981_409074.jpg,16
i_0016_2982_607566.jpg,16
i_0016_2983_143426.jpg,16
i_0016_2983_167863.png,16
i_0016_2983_169162.jpg,16
i_0016_2983_233935.jpg,16
i_0016_2983_293361.png,16
i_0016_2984_154438.jpg,16
i_0016_2984_368040.jpg,16
i_0016_2984_384852.png,16
i_0016_2985_44895.jpg,16
i_0016_2986_181106.jpg,16
i_0016_2986_311038.jpg,16
i_0016_2987_197606.jpg,16
i_0016_2987_359002.jpg,16
i_0016_2987_359120.png,16
i_0016_2987_416365.jpg,16
i_0016_2987_608019.jpg,16
i_0016_2989_350962.jpg,16
i_0016_2989_355289.jpg,16
i_0016_2989_37277.jpg,16
i_0016_2989_383415.jpg,16
i_0016_2989_396045.png,16
i_0016_2990_145116.jpg,16
i_0016_2990_152845.jpg,16
i_0016_2990_154439.jpg,16
i_0016_2990_291499.jpg,16
i_0016_2990_440431.jpg,16
i_0016_2991_32771.jpg,16
i_0016_2991_365188.png,16
i_0016_2991_369390.png,16
i_0016_2991_391279.png,16
i_0017_2992_121593.png,17
i_0017_2992_348670.jpg,17
i_0017_2992_387661.png,17
i_0017_2992_402146.jpg,17
i_0017_2993_174175.jpg,17
i_0017_2993_182544.jpg,17
i_0017_2993_204313.jpg,17
i_0017_2993_310165.jpg,17
i_0017_2993_37278.jpg,17
i_0017_2994_440244.png,17
i_0017_2994_606900.png,17
i_0017_2994_608651.png,17
i_0017_2995_143427.jpg,17
i_0017_2995_150031.jpg,17
i_0017_2995_357784.jpg,17
i_0017_2995_377804.jpg,17
i_0017_2996_150032.jpg,17
i_0017_2996_157498.jpg,17
i_0017_2996_310265.jpg,17
i_0017_2996_325417.jpg,17
i_0017_2996_379825.jpg,17
i_0017_2996_391280.png,17
i_0017_2997_140305.jpg,17
i_0017_2997_152847.jpg,17
i_0017_2997_157499.jpg,17
i_0017_2997_159618.jpg,17
i_0017_2998_181107.jpg,17
i_0017_2998_325418.png,17
i_0017_2999_138231.jpg,17
i_0017_2999_154441.jpg,17
i_0017_2999_169950.jpg,17
i_0017_2999_182545.jpg,17
i_0017_2999_456982.jpg,17
i_0017_3000_152848.jpg,17
i_0017_3000_154442.jpg,17
i_0017_3000_157500.jpg,17
i_0017_3000_159619.jpg,17
i_0017_3001_131707.jpg,17
i_0017_3001_406768.jpg,17
i_0017_3001_544012.jpg,17
i_0017_3002_389857.jpg,17
i_0017_3002_390335.jpg,17
i_0017_3002_413289.png,17
i_0017_3003_143429.jpg,17
i_0017_3003_145118.jpg,17
i_0017_3003_151333.jpg,17
i_0017_3003_154443.jpg,17
i_0017_3003_159620.jpg,17
i_0017_3004_230801.png,17
i_0017_3004_308396.jpg,17
i_0017_3004_32772.jpg,17
i_0017_3004_372224.jpg,17
i_0017_3005_142276.jpg,17
i_0017_3005_26929.png,17
i_0017_3005_311039.jpg,17
i_0017_3006_138342.jpg,17
i_0017_3006_145119.jpg,17
i_0017_3006_152849.jpg,17
i_0017_3006_157380.jpg,17
i_0017_3006_364015.png,17
i_0017_3006_378657.jpg,17
i_0017_3006_544013.jpg,17
i_0017_3007_178382.jpg,17
i_0017_3007_302542.jpg,17
i_0017_3007_303654.jpg,17
i_0017_3008_168374.jpg,17
i_0017_3008_291120.jpg,17
i_0017_3008_320411.jpg,17
i_0017_3009_287322.jpg,17
i_0017_3009_289298.png,17
i_0017_3009_314695.jpg,17
i_0017_3009_31883.jpg,17
i_0017_3009_364016.png,17
i_0017_3009_391281.png,17
i_0017_3010_143430.jpg,17
i_0017_3010_159621.jpg,17
i_0017_3010_33706.jpg,17
i_0017_3010_409076.jpg,17
i_0017_3011_145120.jpg,17
i_0017_3011_151334.jpg,17
i_0017_3011_237946.jpg,17
i_0017_3011_26611.png,17
i_0018_114_403997.png,18
i_0018_114_602203.png,18
i_0018_3044_352743.jpg,18
i_0018_3044_359122.png,18
i_0018_3044_608021.jpg,18
i_0018_3129_145121.jpg,18
i_0018_3129_292388.jpg,18
i_0018_3129_345914.jpg,18
i_0018_3129_364021.png,18
i_0018_3130_138232.jpg,18
i_0018_3130_181110.jpg,18
i_0018_3130_259180.jpg,18
i_0018_3130_292653.jpg,18
i_0018_3130_324121.jpg,18
i_0018_3130_325420.jpg,18
i_0018_3131_134559.jpg,18
i_0018_3131_157502.jpg,18
i_0018_3131_178383.jpg,18
i_0018_3131_311041.jpg,18
i_0018_3131_358832.png,18
i_0018_3131_635315.jpg,18
i_0018_3132_157503.jpg,18
i_0018_3132_169951.jpg,18
i_0018_3132_175221.jpg,18
i_0018_3132_292654.jpg,18
i_0018_3132_302263.png,18
i_0018_3133_143431.jpg,18
i_0018_3133_151335.jpg,18
i_0018_3133_359003.jpg,18
i_0018_3134_287357.png,18
i_0018_3135_145122.jpg,18
i_0018_3135_151336.jpg,18
i_0018_3135_314696.jpg,18
i_0018_3136_264074.jpg,18
i_0018_3136_383416.jpg,18
i_0018_3136_49226.png,18
i_0018_3137_350785.jpg,18
i_0018_3137_355038.jpg,18
i_0018_3137_365189.png,18
i_0018_3137_390339.jpg,18
i_0018_3138_37286.jpg,18
i_0018_3138_402148.jpg,18
i_0018_3139_304112.jpg,18
i_0018_3139_322030.jpg,18
i_0018_3139_346181.jpg,18
i_0018_3140_134560.jpg,18
i_0018_3140_143434.jpg,18
i_0018_3140_157504.jpg,18
i_0018_3140_298012.jpg,18
i_0018_3140_41725.png,18
i_0018_3140_635316.jpg,18
i_0018_3141_151337.jpg,18
i_0018_3141_152850.jpg,18
i_0018_3141_157505.jpg,18
i_0018_3141_159622.jpg,18
i_0018_3142_414063.png,18
i_0018_3143_119554.jpg,18
i_0018_3143_152851.jpg,18
i_0018_3143_31224.jpg,18
i_0018_3144_261692.png,18
i_0018_3144_314610.png,18
i_0018_3144_328098.png,18
i_0018_3144_37287.jpg,18
i_0018_3145_175364.jpg,18
i_0018_3145_309891.jpg,18
i_0018_3145_414435.jpg,18
i_0018_3146_180341.jpg,18
i_0018_3146_341287.jpg,18
i_0018_3146_416371.png,18
i_0018_3146_601064.jpg,18
i_0018_3147_138233.jpg,18
i_0018_3147_154444.jpg,18
i_0018_3147_159623.jpg,18
i_0018_3147_327237.jpg,18
i_0018_3147_347474.png,18
i_0018_3148_233937.jpg,18
i_0018_3148_289683.jpg,18
i_0018_3148_302837.jpg,18
i_0018_3148_358833.png,18
i_0018_3149_145123.jpg,18
i_0018_3149_162842.jpg,18
i_0018_3149_259701.jpg,18
i_0018_3149_292326.jpg,18
i_0018_3149_360414.jpg,18
i_0018_3151_269263.jpg,18
i_0018_3151_311042.jpg,18
i_0018_3151_381022.jpg,18
i_0018_3152_152852.jpg,18
i_0018_3152_366660.jpg,18
i_0018_3152_37288.jpg,18
i_0018_3152_436816.png,18
i_0018_3153_31887.jpg,18
i_0018_3153_348033.jpg,18
i_0018_3153_37289.jpg,18
i_0018_3154_159624.jpg,18
i_0018_3154_384856.png,18
i_0018_3155_134561.jpg,18
i_0018_3155_406769.jpg,18
i_0018_3156_384857.png,18
i_0018_3156_390340.jpg,18
i_0018_3156_601587.jpg,18
i_0018_3157_364022.png,18
i_0018_3157_386408.jpg,18
i_0018_3157_43172.jpg,18
i_0018_3157_607104.png,18
i_0018_3157_608653.png,18
i_0018_3158_238691.png,18
i_0018_3158_287358.png,18
i_0018_3158_384858.png,18
i_0018_3158_409082.jpg,18
i_0018_3159_129699.jpg,18
i_0018_3159_167413.png,18
i_0018_3159_169952.jpg,18
i_0018_3159_229011.jpg,18
i_0018_3159_288182.jpg,18
i_0018_3160_300387.jpg,18
i_0018_3161_406460.png,18
i_0018_3162_126095.jpg,18
i_0018_3162_152853.jpg,18
i_0018_3162_293859.jpg,18
i_0018_3162_299910.png,18
i_0018_3162_413672.jpg,18
i_0018_3163_154445.jpg,18
i_0018_3163_601588.jpg,18
i_0018_3163_608024.jpg,18
i_0018_3164_154446.jpg,18
i_0018_3164_227537.jpg,18
i_0018_3164_306317.jpg,18
i_0018_3165_145124.jpg,18
i_0018_3165_154447.jpg,18
i_0018_3165_406986.jpg,18
i_0018_3165_415111.jpg,18
i_0018_3166_138344.jpg,18
i_0018_3166_411115.jpg,18
i_0019_3040_259179.jpg,19
i_0019_3040_293447.jpg,19
i_0019_3040_317901.jpg,19
i_0019_3040_383152.png,19
i_0019_3041_143435.jpg,19
i_0019_3041_145125.jpg,19
i_0019_3041_152854.jpg,19
i_0019_3041_157506.jpg,19
i_0019_3041_159626.jpg,19
i_0019_3041_440432.jpg,19
i_0019_3041_650299.jpg,19
i_0019_3042_143436.jpg,19
i_0019_3042_145126.jpg,19
i_0019_3042_152855.jpg,19
i_0019_3042_406983.jpg,19
i_0019_3043_145127.jpg,19
i_0019_3043_152856.jpg,19
i_0019_3043_154449.jpg,19
i_0019_3043_157507.jpg,19
i_0019_3043_181655.png,19
i_0019_3043_183165.png,19
i_0019_3045_121891.jpg,19
i_0019_3045_408914.png,19
i_0019_3045_607381.png,19
i_0019_3046_145128.jpg,19
i_0019_3046_158822.jpg,19
i_0019_3046_315836.jpg,19
i_0019_3046_365375.jpg,19
i_0019_3046_650301.jpg,19
i_0019_3047_151339.jpg,19
i_0019_3047_302790.jpg,19
i_0019_3047_348431.jpg,19
i_0019_3047_406984.jpg,19
i_0019_3048_292324.jpg,19
i_0019_3048_302656.jpg,19
i_0019_3049_163301.jpg,19
i_0019_3049_332479.png,19
i_0019_3049_353729.png,19
i_0019_3051_151340.jpg,19
i_0019_3051_306698.jpg,19
i_0019_3051_350784.jpg,19
i_0019_3051_372226.jpg,19
i_0019_3052_154450.jpg,19
i_0019_3052_383756.png,19
i_0019_3052_389455.jpg,19
i_0019_3053_315930.png,19
i_0019_3053_356116.jpg,19
i_0019_3053_606902.png,19
i_0019_3054_143437.jpg,19
i_0019_3054_151341.jpg,19
i_0019_3054_290159.jpg,19
i_0019_3055_143438.jpg,19
i_0019_3055_151342.jpg,19
i_0019_3055_159629.jpg,19
i_0019_3056_360412.jpg,19
i_0019_3056_606649.jpg,19
i_0019_3056_607801.jpg,19
i_0019_3056_608022.jpg,19
i_0019_3057_293858.jpg,19
i_0019_3057_318718.jpg,19
i_0019_3057_341286.jpg,19
i_0019_3057_377016.jpg,19
i_0019_3057_383757.png,19
i_0019_3058_301126.jpg,19
i_0019_3058_358830.png,19
i_0019_3058_411113.jpg,19
i_0019_3059_237949.jpg,19
i_0019_3059_359123.png,19
i_0019_3059_378661.jpg,19
i_0019_3059_608652.png,19
i_0020_10499_175397.jpg,20
i_0020_10499_375913.jpg,20
i_0020_10499_383496.jpg,20
i_0020_10500_119250.jpg,20
i_0020_10500_154451.jpg,20
i_0020_10500_290796.jpg,20
i_0020_10500_298071.jpg,20
i_0020_10500_44380.jpg,20
i_0020_10501_269746.jpg,20
i_0020_10501_371646.jpg,20
i_0020_10501_599378.png,20
i_0020_10501_604222.png,20
i_0020_10501_607623.jpg,20
i_0020_10502_281344.jpg,20
i_0020_10502_319012.jpg,20
i_0020_10502_414183.png,20
i_0020_10503_269747.jpg,20
i_0020_10504_174252.jpg,20
i_0020_10504_230382.png,20
i_0020_10504_372314.jpg,20
i_0020_10505_145129.jpg,20
i_0020_10505_154452.jpg,20
i_0020_10505_261721.jpg,20
i_0020_10505_272531.jpg,20
i_0020_10505_625578.jpg,20
i_0020_10506_168411.jpg,20
i_0020_10506_354645.png,20
i_0020_10506_407334.png,20
i_0020_10507_386714.jpg,20
i_0020_10508_119251.jpg,20
i_0020_10508_143439.jpg,20
i_0020_10508_281345.jpg,20
i_0020_10509_143440.jpg,20
i_0020_10509_273635.jpg,20
i_0020_10509_280873.jpg,20
i_0020_10509_281346.jpg,20
i_0020_10510_273636.jpg,20
i_0020_10510_280874.jpg,20
i_0020_10511_154453.jpg,20
i_0020_10511_272888.jpg,20
i_0020_10511_280875.jpg,20
i_0020_10511_313236.jpg,20
i_0020_10511_625579.jpg,20
i_0020_10512_162547.jpg,20
i_0020_10512_182616.jpg,20
i_0020_10512_345936.jpg,20
i_0020_10512_364155.png,20
i_0020_10513_167473.png,20
i_0020_10513_281347.jpg,20
i_0020_10513_300470.jpg,20
i_0020_10514_154454.jpg,20
i_0020_10514_354646.png,20
i_0020_10514_383210.png,20
i_0020_10516_143442.jpg,20
i_0020_10516_145130.jpg,20
i_0020_10516_272533.jpg,20
i_0020_10516_330955.png,20
i_0020_10516_353811.png,20
i_0020_10517_145131.jpg,20
i_0020_10517_158856.jpg,20
i_0020_10517_272889.jpg,20
i_0020_10517_289611.jpg,20
i_0020_10517_625580.jpg,20
i_0020_10518_145132.jpg,20
i_0020_10518_272534.jpg,20
i_0020_10518_272890.jpg,20
i_0020_10518_287173.jpg,20
i_0020_10518_302204.png,20
i_0020_10518_357066.jpg,20
i_0020_10518_625581.jpg,20
i_0021_3060_127036.png,21
i_0021_3060_321454.jpg,21
i_0021_3060_359326.png,21
i_0021_3060_379826.jpg,21
i_0021_3061_154455.jpg,21
i_0021_3062_143443.jpg,21
i_0021_3062_152858.jpg,21
i_0021_3062_290160.jpg,21
i_0021_3063_152859.jpg,21
i_0021_3063_154456.jpg,21
i_0021_3063_314053.jpg,21
i_0021_3063_390336.jpg,21
i_0021_3064_143444.jpg,21
i_0021_3064_157509.jpg,21
i_0021_3064_273637.jpg,21
i_0021_3064_301454.png,21
i_0021_3064_440435.jpg,21
i_0021_3065_377407.jpg,21
i_0021_3066_143445.jpg,21
i_0021_3066_273638.jpg,21
i_0021_3066_302657.jpg,21
i_0021_3067_143446.jpg,21
i_0021_3067_145133.jpg,21
i_0021_3067_152860.jpg,21
i_0021_3067_154457.jpg,21
i_0021_3067_157510.jpg,21
i_0021_3067_159630.jpg,21
i_0021_3067_273639.jpg,21
i_0021_3068_273640.jpg,21
i_0021_3068_347624.png,21
i_0021_3068_355290.jpg,21
i_0021_3069_159631.jpg,21
i_0021_3069_360051.jpg,21
i_0021_3070_121488.jpg,21
i_0021_3070_135418.jpg,21
i_0021_3070_358831.png,21
i_0021_3070_37281.jpg,21
i_0021_3071_145134.jpg,21
i_0021_3071_154458.jpg,21
i_0021_3071_157511.jpg,21
i_0021_3071_234660.jpg,21
i_0021_3071_313785.jpg,21
i_0021_3072_150036.jpg,21
i_0021_3072_309051.jpg,21
i_0021_3072_378662.jpg,21
i_0021_3072_409078.jpg,21
i_0021_3073_205071.png,21
i_0021_3073_312622.png,21
i_0021_3073_314054.jpg,21
i_0021_3073_316365.png,21
i_0021_3073_352744.jpg,21
i_0021_3073_353730.png,21
i_0021_3074_145135.jpg,21
i_0021_3074_150037.jpg,21
i_0021_3074_157512.jpg,21
i_0021_3074_170306.jpg,21
i_0021_3074_347815.jpg,21
i_0021_3074_401252.jpg,21
i_0021_3074_650368.jpg,21
i_0021_3075_137007.png,21
i_0021_3075_319337.png,21
i_0021_3075_379827.jpg,21
i_0021_3076_145136.jpg,21
i_0021_3076_269260.jpg,21
i_0021_3076_384462.png,21
i_0021_3076_405105.jpg,21
i_0021_3076_650369.jpg,21
i_0021_3077_269261.jpg,21
i_0021_3078_377017.jpg,21
i_0021_3078_387280.png,21
i_0021_3080_383758.png,21
i_0021_3080_647911.jpg,21
i_0021_3081_298413.jpg,21
i_0021_3081_302171.png,21
i_0021_3081_305690.jpg,21
i_0021_3081_352745.jpg,21
i_0021_3081_440437.jpg,21
i_0021_3082_142068.png,21
i_0021_3082_305691.jpg,21
i_0021_3082_363462.jpg,21
i_0021_3083_140168.jpg,21
i_0021_3083_141722.jpg,21
i_0021_3083_150038.jpg,21
i_0021_3083_304473.jpg,21
i_0021_3083_390337.jpg,21
i_0021_3084_302603.jpg,21
i_0021_3084_381018.jpg,21
i_0021_3084_413195.jpg,21
i_0021_3084_49225.png,21
i_0022_17144_119315.jpg,22
i_0022_17144_180021.png,22
i_0022_17144_369770.png,22
i_0022_17144_413953.jpg,22
i_0022_3085_294445.png,22
i_0022_3085_312902.jpg,22
i_0022_3085_35825.jpg,22
i_0022_3085_370368.png,22
i_0022_3086_145137.jpg,22
i_0022_3086_152861.jpg,22
i_0022_3086_302544.jpg,22
i_0022_3086_364400.png,22
i_0022_3086_402800.png,22
i_0022_3086_405910.jpg,22
i_0022_3087_152862.jpg,22
i_0022_3087_177094.jpg,22
i_0022_3087_305208.jpg,22
i_0022_3087_379828.jpg,22
i_0022_3088_145138.jpg,22
i_0022_3088_152863.jpg,22
i_0022_3088_166681.png,22
i_0022_3088_307979.png,22
i_0022_3089_152864.jpg,22
i_0022_3089_157513.jpg,22
i_0022_3089_31886.jpg,22
i_0022_3089_371311.jpg,22
i_0022_3089_387435.png,22
i_0022_3089_440439.jpg,22
i_0022_3089_635318.jpg,22
i_0022_3089_650302.jpg,22
i_0022_3090_29781.jpg,22
i_0022_3090_310915.jpg,22
i_0022_3090_360606.jpg,22
i_0022_3090_378663.jpg,22
i_0022_3091_181109.jpg,22
i_0022_3091_319824.png,22
i_0022_3091_413670.jpg,22
i_0022_3093_143447.jpg,22
i_0022_3093_315561.jpg,22
i_0022_3093_402733.png,22
i_0022_3093_406985.jpg,22
i_0022_3093_633835.jpg,22
i_0022_3094_309916.jpg,22
i_0022_3094_310916.jpg,22
i_0022_3094_353731.png,22
i_0022_3094_37283.jpg,22
i_0022_3095_363289.jpg,22
i_0022_3095_608023.jpg,22
i_0022_3096_151344.jpg,22
i_0022_3096_159634.jpg,22
i_0022_3096_308964.png,22
i_0022_3096_353732.png,22
i_0022_3097_310917.jpg,22
i_0022_3097_314247.jpg,22
i_0022_3097_377807.jpg,22
i_0022_3097_414536.png,22
i_0022_3098_310691.jpg,22
i_0022_3098_609257.jpg,22
i_0022_3098_633836.jpg,22
i_0022_3099_348671.jpg,22
i_0022_3099_376145.jpg,22
i_0022_3099_405106.jpg,22
i_0022_3099_409079.jpg,22
i_0022_3099_415108.jpg,22
i_0022_3100_291270.jpg,22
i_0022_3100_307854.jpg,22
i_0022_3100_379549.jpg,22
i_0022_3101_416369.jpg,22
i_0022_3102_145139.jpg,22
i_0022_3102_154460.jpg,22
i_0022_3102_157514.jpg,22
i_0022_3102_159635.jpg,22
i_0022_3102_287107.jpg,22
i_0022_3102_635319.jpg,22
i_0022_3102_650303.jpg,22
i_0022_3103_145140.jpg,22
i_0022_3103_201953.jpg,22
i_0022_3103_298010.jpg,22
i_0022_3103_318369.png,22
i_0022_3103_391078.jpg,22
i_0022_3104_154461.jpg,22
i_0022_3104_240116.jpg,22
i_0022_3104_440440.jpg,22
i_0022_3105_151346.jpg,22
i_0022_3105_157515.jpg,22
i_0022_3105_394007.png,22
i_0022_3105_440441.jpg,22
i_0022_3105_650304.jpg,22
i_0022_3106_143450.jpg,22
i_0022_3106_311425.jpg,22
i_0022_3106_329185.png,22
i_0022_3107_154462.jpg,22
i_0022_3107_157516.jpg,22
i_0022_3107_159637.jpg,22
i_0022_3107_299184.jpg,22
i_0023_23943_171263.png,23
i_0023_23943_649423.jpg,23
i_0023_23943_650371.jpg,23
i_0023_23944_140521.jpg,23
i_0023_23944_143451.jpg,23
i_0023_23944_145141.jpg,23
i_0023_23944_150039.jpg,23
i_0023_23944_151347.jpg,23
i_0023_23944_152865.jpg,23
i_0023_23944_460056.jpg,23
i_0023_23945_143452.jpg,23
i_0023_23945_145142.jpg,23
i_0023_23945_152866.jpg,23
i_0023_23945_154464.jpg,23
i_0023_23945_157518.jpg,23
i_0023_23945_460057.jpg,23
i_0023_23945_649425.jpg,23
i_0023_23946_139213.png,23
i_0023_23946_152867.jpg,23
i_0023_23946_154465.jpg,23
i_0023_23946_157519.jpg,23
i_0023_23946_159639.jpg,23
i_0023_23946_460058.jpg,23
i_0023_23946_633837.jpg,23
i_0023_23946_635320.jpg,23
i_0023_23946_650234.jpg,23
i_0023_23947_143453.jpg,23
i_0023_23947_145144.jpg,23
i_0023_23947_151349.jpg,23
i_0023_23947_154466.jpg,23
i_0023_23947_157520.jpg,23
i_0023_23947_460059.jpg,23
i_0023_23948_143454.jpg,23
i_0023_23948_372073.jpg,23
i_0023_23948_387153.jpg,23
i_0023_23948_390233.jpg,23
i_0023_23948_437183.jpg,23
i_0023_23949_259762.png,23
i_0023_23949_609329.jpg,23
i_0023_23949_635321.jpg,23
i_0023_23950_372918.jpg,23
i_0023_23950_650372.jpg,23
i_0023_23951_159640.jpg,23
i_0023_23951_233580.jpg,23
i_0023_23951_287740.jpg,23
i_0023_23951_290740.jpg,23
i_0023_23951_354037.png,23
i_0023_23951_633838.jpg,23
i_0023_23952_150041.jpg,23
i_0023_23952_159641.jpg,23
i_0023_23952_230964.png,23
i_0023_23952_358981.png,23
i_0023_23952_650373.jpg,23
i_0023_23953_151350.jpg,23
i_0023_23953_176922.jpg,23
i_0023_23953_402444.jpg,23
i_0023_23953_402706.jpg,23
i_0023_24780_365794.jpg,23
i_0023_24780_381413.jpg,23
i_0023_24780_385477.jpg,23
i_0023_24780_414382.png,23
i_0023_24780_602152.jpg,23
i_0024_3108_237907.jpg,24
i_0024_3108_261243.jpg,24
i_0024_3108_287459.jpg,24
i_0024_3108_377808.jpg,24
i_0024_3108_390005.jpg,24
i_0024_3108_415109.jpg,24
i_0024_3109_154467.jpg,24
i_0024_3109_272891.jpg,24
i_0024_3109_273641.jpg,24
i_0024_3109_291501.jpg,24
i_0024_3109_440443.jpg,24
i_0024_3109_625582.jpg,24
i_0024_3109_647916.jpg,24
i_0024_3110_181656.jpg,24
i_0024_3110_272535.jpg,24
i_0024_3110_281348.jpg,24
i_0024_3110_601063.jpg,24
i_0024_3110_601586.jpg,24
i_0024_3111_347816.jpg,24
i_0024_3111_360607.jpg,24
i_0024_3111_436815.png,24
i_0024_3111_44312.jpg,24
i_0024_3111_451198.jpg,24
i_0024_3112_134557.jpg,24
i_0024_3112_154468.jpg,24
i_0024_3112_158823.jpg,24
i_0024_3112_320889.jpg,24
i_0024_3112_347817.jpg,24
i_0024_3112_647917.jpg,24
i_0024_3113_202138.png,24
i_0024_3113_320412.jpg,24
i_0024_3113_376146.jpg,24
i_0024_3114_292325.jpg,24
i_0024_3114_300763.png,24
i_0024_3114_648759.jpg,24
i_0024_3115_129004.png,24
i_0024_3115_170784.jpg,24
i_0024_3115_416370.png,24
i_0024_3115_633839.jpg,24
i_0024_3116_130888.jpg,24
i_0024_3116_170785.jpg,24
i_0024_3116_371312.jpg,24
i_0024_3116_647918.jpg,24
i_0024_3117_409080.jpg,24
i_0024_3118_134558.jpg,24
i_0024_3118_177192.jpg,24
i_0024_3118_272892.jpg,24
i_0024_3118_41724.png,24
i_0024_3118_42042.jpg,24
i_0024_3118_625583.jpg,24
i_0024_3118_647919.jpg,24
i_0024_3119_143456.jpg,24
i_0024_3119_157381.jpg,24
i_0024_3119_328227.jpg,24
i_0024_3120_298011.jpg,24
i_0024_3121_126094.jpg,24
i_0024_3121_154470.jpg,24
i_0024_3121_280876.jpg,24
i_0024_3121_281349.jpg,24
i_0024_3121_282521.jpg,24
i_0024_3121_440444.jpg,24
i_0024_3122_143457.jpg,24
i_0024_3122_166682.png,24
i_0024_3122_231760.jpg,24
i_0024_3122_272536.jpg,24
i_0024_3122_280877.jpg,24
i_0024_3122_281350.jpg,24
i_0024_3122_282522.jpg,24
i_0024_3122_522323.jpg,24
i_0024_3123_280878.jpg,24
i_0024_3123_282523.jpg,24
i_0024_3123_381020.jpg,24
i_0024_3124_143459.jpg,24
i_0024_3124_272538.jpg,24
i_0024_3124_273643.jpg,24
i_0024_3124_280879.jpg,24
i_0024_3124_281351.jpg,24
i_0024_3124_282524.jpg,24
i_0024_3124_440446.jpg,24
i_0024_3124_625585.jpg,24
i_0024_3126_121595.jpg,24
i_0024_3126_126748.png,24
i_0024_3126_269708.jpg,24
i_0024_3126_364019.png,24
i_0024_3126_409081.jpg,24
i_0024_3128_137008.png,24
i_0024_3128_162841.jpg,24
i_0024_3128_352746.jpg,24
i_0024_3128_360413.jpg,24
i_0025_23913_291873.jpg,25
i_0025_23913_370814.jpg,25
i_0025_23914_143460.jpg,25
i_0025_23914_151351.jpg,25
i_0025_23914_152869.jpg,25
i_0025_23914_157521.jpg,25
i_0025_23914_634426.jpg,25
i_0025_23914_650306.jpg,25
i_0025_23915_166759.png,25
i_0025_23915_202210.png,25
i_0025_23915_286402.jpg,25
i_0025_23915_404441.png,25
i_0025_23916_143461.jpg,25
i_0025_23916_151352.jpg,25
i_0025_23916_157522.jpg,25
i_0025_23916_159642.jpg,25
i_0025_23916_371004.png,25
i_0025_23916_633840.jpg,25
i_0025_23916_648761.jpg,25
i_0025_23917_154471.jpg,25
i_0025_23917_157523.jpg,25
i_0025_23917_286278.png,25
i_0025_23917_305827.jpg,25
i_0025_23917_385474.jpg,25
i_0025_23917_635322.jpg,25
i_0025_23918_145145.jpg,25
i_0025_23918_150043.jpg,25
i_0025_23918_154472.jpg,25
i_0025_23918_159643.jpg,25
i_0025_23918_291093.png,25
i_0025_23918_316014.png,25
i_0025_23918_633841.jpg,25
i_0025_23919_143462.jpg,25
i_0025_23919_151353.jpg,25
i_0025_23919_152871.jpg,25
i_0025_23919_154473.jpg,25
i_0025_23919_159644.jpg,25
i_0025_23919_634428.jpg,25
i_0025_23919_635323.jpg,25
i_0025_23920_143463.jpg,25
i_0025_23920_151354.jpg,25
i_0025_23920_152872.jpg,25
i_0025_23920_154474.jpg,25
i_0025_23920_157524.jpg,25
i_0025_23920_286468.jpg,25
i_0025_23920_634429.jpg,25
i_0025_23920_648763.jpg,25
i_0025_23921_347966.jpg,25
i_0026_3227_143464.jpg,26
i_0026_3227_151355.jpg,26
i_0026_3227_152873.jpg,26
i_0026_3227_159645.jpg,26
i_0026_3227_303247.jpg,26
i_0026_3227_357785.jpg,26
i_0026_3227_633842.jpg,26
i_0026_3229_133077.jpg,26
i_0026_3229_369393.png,26
i_0026_3229_379831.jpg,26
i_0026_3229_405824.jpg,26
i_0026_3230_126097.jpg,26
i_0026_3230_143465.jpg,26
i_0026_3230_150044.jpg,26
i_0026_3230_152874.jpg,26
i_0026_3230_326536.jpg,26
i_0026_3230_403001.jpg,26
i_0026_3231_152875.jpg,26
i_0026_3231_157525.jpg,26
i_0026_3231_390007.jpg,26
i_0026_3231_414065.png,26
i_0026_3232_154475.jpg,26
i_0026_3232_157526.jpg,26
i_0026_3232_314697.jpg,26
i_0026_3232_383418.jpg,26
i_0026_3232_635324.jpg,26
i_0026_3233_145147.jpg,26
i_0026_3233_409085.jpg,26
i_0026_3233_440447.jpg,26
i_0026_3233_44313.jpg,26
i_0026_3234_290931.png,26
i_0026_3234_332398.jpg,26
i_0026_3234_399016.jpg,26
i_0026_3234_603079.jpg,26
i_0026_3235_292578.jpg,26
i_0026_3235_299142.png,26
i_0026_3235_383762.png,26
i_0026_3236_154476.jpg,26
i_0026_3236_167414.png,26
i_0026_3236_409086.jpg,26
i_0026_3237_154477.jpg,26
i_0026_3237_157527.jpg,26
i_0026_3237_299912.png,26
i_0026_3238_143466.jpg,26
i_0026_3238_152876.jpg,26
i_0026_3238_157528.jpg,26
i_0026_3238_159647.jpg,26
i_0026_3238_440448.jpg,26
i_0026_3239_326537.jpg,26
i_0026_3239_375856.jpg,26
i_0026_3239_379832.jpg,26
i_0026_3239_396048.png,26
i_0026_3240_282232.jpg,26
i_0026_3240_377809.jpg,26
i_0026_3240_406988.jpg,26
i_0026_3241_131147.png,26
i_0026_3241_348433.jpg,26
i_0026_3241_351215.jpg,26
i_0026_3241_351278.png,26
i_0026_3241_353733.png,26
i_0026_3242_366661.jpg,26
i_0026_3243_145149.jpg,26
i_0026_3243_151358.jpg,26
i_0026_3243_159648.jpg,26
i_0026_3243_303912.jpg,26
i_0026_3244_407276.png,26
i_0026_3244_436818.png,26
i_0026_3245_141136.jpg,26
i_0026_3245_353125.jpg,26
i_0026_3246_406285.jpg,26
